Company,Ticker,2018 snapshot / CY2020 EPS P-E (x),2019 snapshot / CY2021 EPS P-E (x),2020 snapshot / CY2022 EPS P-E (x),2021 snapshot / CY2023 EPS P-E (x),2022 snapshot / CY2024 EPS P-E (x),2023 snapshot / CY2025 EPS P-E (x),2024 snapshot / CY2026 EPS P-E (x),2025 snapshot / CY2027 EPS P-E (x),2026 snapshot / CY2028 EPS P-E (x)
Rapid7,RPD,94.424,90.209,204.909,229.415,36.459,26.972,16.06,7.224,6.807
Check Point,CHKP,15.626,15.94,18.295,14.76,14.228,15.531,17.329,16.038,10.682
Tenable,TENB,N/M,N/M,138.254,106.313,49.099,43.908,22.75,11.884,14.751
Trend Micro,4704 JP,23.501,22.418,23.996,25.098,24.969,25.986,24.935,19.561,20.13
Qualys,QLYS,33.561,29.12,37.372,36.729,25.391,32.949,21.329,16.69,20.238
SentinelOne,S,Pre-IPO,Pre-IPO,Pre-IPO,N/M,N/M,93.228,60,34.965,38.615
Zscaler,ZS,470.52,151.302,272.828,289.226,59.405,67.556,46.892,46.558,34.884
SailPoint,SAIL,64.18,76.129,268.889,543.146,Private,Private,Private,51.389,42.012
Varonis,VRNS,85.185,N/M,288.554,115.319,68.596,117.003,89.396,56.552,67.769
Okta,OKTA,N/M,3175.321,808.887,4453.709,107.889,39.741,24.528,21.288,39.657
Fortinet,FTNT,30.688,34.494,35.491,66.006,29.136,29.877,34.071,24.419,40.789
Rubrik,RBRK,Pre-IPO,Pre-IPO,Pre-IPO,Pre-IPO,Pre-IPO,Pre-IPO,N/M,115.937,95.675
Cloudflare,NET,Pre-IPO,N/M,N/M,1511.494,171.901,110.866,100.636,127.44,150.286
Palo Alto Networks,PANW,28.012,33.918,47.347,57.731,32.557,42.568,45.498,40.41,72.149
CrowdStrike,CRWD,Pre-IPO,550.037,425.912,153.716,37.874,56.923,64.461,79.129,125.765
