date_month,median_monthly_spend_per_employee_usd,top_10_percent_median_spend_per_employee_usd,top_1_percent_median_spend_per_employee_usd
2023-08-01,2.32,62.02,858.59
2023-09-01,2.49,61.71,642.88
2023-10-01,2.64,65.02,571.43
2023-11-01,2.74,75.4,675.8
2023-12-01,2.67,71.46,649.91
2024-01-01,2.86,85.61,755.34
2024-02-01,2.94,79.43,802.3
2024-03-01,3.11,97.09,1116.88
2024-04-01,3.1,90.44,1277.99
2024-05-01,3.18,97.19,997.3
2024-06-01,3.11,98.62,1147.45
2024-07-01,3.08,103.16,1408.31
2024-08-01,3.03,101.29,1320.26
2024-09-01,3.11,102.4,1396.08
2024-10-01,3.25,110.29,1157.76
2024-11-01,3.33,107.18,1311.37
2024-12-01,3.3,117.83,1480.21
2025-01-01,3.49,137.47,1432.42
2025-02-01,3.85,132.97,1523.58
2025-03-01,4,137.17,1623.2
2025-04-01,4,147.51,1772.21
2025-05-01,4.12,159.56,1827.87
2025-06-01,4.29,165.03,1652.67
2025-07-01,4.55,190.82,1883.88
2025-08-01,4.73,192.07,1844.74
2025-09-01,4.92,194.64,1973.73
2025-10-01,5.16,220.89,2523.97
2025-11-01,5.08,217.48,2192.1
2025-12-01,5.26,241.46,2972.95
2026-01-01,5.86,281.23,2590.67
2026-02-01,6.96,331.84,3004.91
2026-03-01,8.7,398.3,3591.43
2026-04-01,10,432.57,4068.13
2026-05-01,10.5,465.39,4567.86
2026-06-01,10.93,520.48,4973.62
2026-07-01,11.95,650,7400.5
