index,date,threshold_pct,count,covered,universe,percentage,carried_prices,source
Nasdaq Composite,2026-09-08,10,2932,3374,3396,86.899822,100,Bloomberg Desktop API
Nasdaq Composite,2026-09-08,20,2710,3374,3396,80.320095,100,Bloomberg Desktop API
Nasdaq Composite,2026-09-08,30,2514,3374,3396,74.510966,100,Bloomberg Desktop API
Nasdaq Composite,2026-09-08,50,2175,3374,3396,64.463545,100,Bloomberg Desktop API
Nasdaq Composite,2026-09-09,10,2951,3374,3396,87.462952,123,Bloomberg Desktop API
Nasdaq Composite,2026-09-09,20,2729,3374,3396,80.883225,123,Bloomberg Desktop API
Nasdaq Composite,2026-09-09,30,2528,3374,3396,74.925904,123,Bloomberg Desktop API
Nasdaq Composite,2026-09-09,50,2190,3374,3396,64.908121,123,Bloomberg Desktop API
Nasdaq Composite,2026-09-10,10,2960,3374,3396,87.729698,98,Bloomberg Desktop API
Nasdaq Composite,2026-09-10,20,2750,3374,3396,81.505631,98,Bloomberg Desktop API
Nasdaq Composite,2026-09-10,30,2544,3374,3396,75.400119,98,Bloomberg Desktop API
Nasdaq Composite,2026-09-10,50,2204,3374,3396,65.323059,98,Bloomberg Desktop API
Nasdaq Composite,2026-09-11,10,2952,3374,3396,87.49259,119,Bloomberg Desktop API
Nasdaq Composite,2026-09-11,20,2736,3374,3396,81.090694,119,Bloomberg Desktop API
Nasdaq Composite,2026-09-11,30,2532,3374,3396,75.044458,119,Bloomberg Desktop API
Nasdaq Composite,2026-09-11,50,2201,3374,3396,65.234143,119,Bloomberg Desktop API
Nasdaq Composite,2026-09-14,10,2945,3374,3396,87.285122,78,Bloomberg Desktop API
Nasdaq Composite,2026-09-14,20,2736,3374,3396,81.090694,78,Bloomberg Desktop API
Nasdaq Composite,2026-09-14,30,2550,3374,3396,75.577949,78,Bloomberg Desktop API
Nasdaq Composite,2026-09-14,50,2204,3374,3396,65.323059,78,Bloomberg Desktop API
Nasdaq Composite,2026-09-15,10,2957,3374,3396,87.640782,93,Bloomberg Desktop API
Nasdaq Composite,2026-09-15,20,2753,3374,3396,81.594547,93,Bloomberg Desktop API
Nasdaq Composite,2026-09-15,30,2560,3374,3396,75.874333,93,Bloomberg Desktop API
Nasdaq Composite,2026-09-15,50,2219,3374,3396,65.767635,93,Bloomberg Desktop API
Nasdaq Composite,2026-09-16,10,2963,3374,3396,87.818613,105,Bloomberg Desktop API
Nasdaq Composite,2026-09-16,20,2751,3374,3396,81.53527,105,Bloomberg Desktop API
Nasdaq Composite,2026-09-16,30,2562,3374,3396,75.93361,105,Bloomberg Desktop API
Nasdaq Composite,2026-09-16,50,2217,3374,3396,65.708358,105,Bloomberg Desktop API
Nasdaq Composite,2026-09-17,10,2957,3374,3396,87.640782,85,Bloomberg Desktop API
Nasdaq Composite,2026-09-17,20,2741,3374,3396,81.238886,85,Bloomberg Desktop API
Nasdaq Composite,2026-09-17,30,2551,3374,3396,75.607587,85,Bloomberg Desktop API
Nasdaq Composite,2026-09-17,50,2204,3374,3396,65.323059,85,Bloomberg Desktop API
Nasdaq Composite,2026-09-18,10,2958,3374,3396,87.670421,104,Bloomberg Desktop API
Nasdaq Composite,2026-09-18,20,2751,3374,3396,81.53527,104,Bloomberg Desktop API
Nasdaq Composite,2026-09-18,30,2550,3374,3396,75.577949,104,Bloomberg Desktop API
Nasdaq Composite,2026-09-18,50,2209,3374,3396,65.471251,104,Bloomberg Desktop API
Nasdaq Composite,2026-09-21,10,2954,3374,3396,87.551867,91,Bloomberg Desktop API
Nasdaq Composite,2026-09-21,20,2742,3374,3396,81.268524,91,Bloomberg Desktop API
Nasdaq Composite,2026-09-21,30,2545,3374,3396,75.429757,91,Bloomberg Desktop API
Nasdaq Composite,2026-09-21,50,2201,3374,3396,65.234143,91,Bloomberg Desktop API
Nasdaq Composite,2026-09-22,10,2962,3374,3396,87.788975,101,Bloomberg Desktop API
Nasdaq Composite,2026-09-22,20,2735,3374,3396,81.061055,101,Bloomberg Desktop API
Nasdaq Composite,2026-09-22,30,2538,3374,3396,75.222288,101,Bloomberg Desktop API
Nasdaq Composite,2026-09-22,50,2193,3374,3396,64.997036,101,Bloomberg Desktop API
Nasdaq Composite,2026-09-23,10,2985,3374,3396,88.470658,98,Bloomberg Desktop API
Nasdaq Composite,2026-09-23,20,2770,3374,3396,82.0984,98,Bloomberg Desktop API
Nasdaq Composite,2026-09-23,30,2572,3374,3396,76.229994,98,Bloomberg Desktop API
Nasdaq Composite,2026-09-23,50,2208,3374,3396,65.441612,98,Bloomberg Desktop API
Nasdaq Composite,2026-09-24,10,2977,3374,3396,88.233551,97,Bloomberg Desktop API
Nasdaq Composite,2026-09-24,20,2770,3374,3396,82.0984,97,Bloomberg Desktop API
Nasdaq Composite,2026-09-24,30,2575,3374,3396,76.318909,97,Bloomberg Desktop API
Nasdaq Composite,2026-09-24,50,2212,3374,3396,65.560166,97,Bloomberg Desktop API
Nasdaq Composite,2026-09-25,10,2973,3374,3396,88.114997,110,Bloomberg Desktop API
Nasdaq Composite,2026-09-25,20,2763,3374,3396,81.890931,110,Bloomberg Desktop API
Nasdaq Composite,2026-09-25,30,2576,3374,3396,76.348548,110,Bloomberg Desktop API
Nasdaq Composite,2026-09-25,50,2215,3374,3396,65.649081,110,Bloomberg Desktop API
Nasdaq Composite,2026-09-28,10,2980,3374,3396,88.322466,125,Bloomberg Desktop API
Nasdaq Composite,2026-09-28,20,2774,3374,3396,82.216953,125,Bloomberg Desktop API
Nasdaq Composite,2026-09-28,30,2574,3374,3396,76.289271,125,Bloomberg Desktop API
Nasdaq Composite,2026-09-28,50,2213,3374,3396,65.589804,125,Bloomberg Desktop API
Nasdaq Composite,2026-09-29,10,2992,3374,3396,88.678127,114,Bloomberg Desktop API
Nasdaq Composite,2026-09-29,20,2785,3374,3396,82.542976,114,Bloomberg Desktop API
Nasdaq Composite,2026-09-29,30,2585,3374,3396,76.615293,114,Bloomberg Desktop API
Nasdaq Composite,2026-09-29,50,2209,3374,3396,65.471251,114,Bloomberg Desktop API
S&P 500 (SPY),2026-09-08,10,406,503,503,80.715706,0,Bloomberg Desktop API
S&P 500 (SPY),2026-09-08,20,284,503,503,56.461233,0,Bloomberg Desktop API
S&P 500 (SPY),2026-09-08,30,189,503,503,37.574553,0,Bloomberg Desktop API
S&P 500 (SPY),2026-09-08,50,76,503,503,15.109344,0,Bloomberg Desktop API
S&P 500 (SPY),2026-09-09,10,411,503,503,81.709742,0,Bloomberg Desktop API
S&P 500 (SPY),2026-09-09,20,294,503,503,58.449304,0,Bloomberg Desktop API
S&P 500 (SPY),2026-09-09,30,201,503,503,39.960239,0,Bloomberg Desktop API
S&P 500 (SPY),2026-09-09,50,78,503,503,15.506958,0,Bloomberg Desktop API
S&P 500 (SPY),2026-09-10,10,421,503,503,83.697813,0,Bloomberg Desktop API
S&P 500 (SPY),2026-09-10,20,300,503,503,59.642147,0,Bloomberg Desktop API
S&P 500 (SPY),2026-09-10,30,206,503,503,40.954274,0,Bloomberg Desktop API
S&P 500 (SPY),2026-09-10,50,80,503,503,15.904573,0,Bloomberg Desktop API
S&P 500 (SPY),2026-09-11,10,408,503,503,81.11332,0,Bloomberg Desktop API
S&P 500 (SPY),2026-09-11,20,290,503,503,57.654076,0,Bloomberg Desktop API
S&P 500 (SPY),2026-09-11,30,199,503,503,39.562624,0,Bloomberg Desktop API
S&P 500 (SPY),2026-09-11,50,79,503,503,15.705765,0,Bloomberg Desktop API
S&P 500 (SPY),2026-09-14,10,410,503,503,81.510934,0,Bloomberg Desktop API
S&P 500 (SPY),2026-09-14,20,296,503,503,58.846918,0,Bloomberg Desktop API
S&P 500 (SPY),2026-09-14,30,205,503,503,40.755467,0,Bloomberg Desktop API
S&P 500 (SPY),2026-09-14,50,79,503,503,15.705765,0,Bloomberg Desktop API
S&P 500 (SPY),2026-09-15,10,415,503,503,82.50497,0,Bloomberg Desktop API
S&P 500 (SPY),2026-09-15,20,301,503,503,59.840954,0,Bloomberg Desktop API
S&P 500 (SPY),2026-09-15,30,212,503,503,42.147117,0,Bloomberg Desktop API
S&P 500 (SPY),2026-09-15,50,80,503,503,15.904573,0,Bloomberg Desktop API
S&P 500 (SPY),2026-09-16,10,429,503,503,85.28827,0,Bloomberg Desktop API
S&P 500 (SPY),2026-09-16,20,303,503,503,60.238569,0,Bloomberg Desktop API
S&P 500 (SPY),2026-09-16,30,218,503,503,43.33996,0,Bloomberg Desktop API
S&P 500 (SPY),2026-09-16,50,82,503,503,16.302187,0,Bloomberg Desktop API
S&P 500 (SPY),2026-09-17,10,428,503,503,85.089463,0,Bloomberg Desktop API
S&P 500 (SPY),2026-09-17,20,302,503,503,60.039761,0,Bloomberg Desktop API
S&P 500 (SPY),2026-09-17,30,212,503,503,42.147117,0,Bloomberg Desktop API
S&P 500 (SPY),2026-09-17,50,82,503,503,16.302187,0,Bloomberg Desktop API
S&P 500 (SPY),2026-09-18,10,426,503,503,84.691849,0,Bloomberg Desktop API
S&P 500 (SPY),2026-09-18,20,299,503,503,59.44334,0,Bloomberg Desktop API
S&P 500 (SPY),2026-09-18,30,214,503,503,42.544732,0,Bloomberg Desktop API
S&P 500 (SPY),2026-09-18,50,84,503,503,16.699801,0,Bloomberg Desktop API
S&P 500 (SPY),2026-09-21,10,421,503,503,83.697813,0,Bloomberg Desktop API
S&P 500 (SPY),2026-09-21,20,295,503,503,58.648111,0,Bloomberg Desktop API
S&P 500 (SPY),2026-09-21,30,210,503,503,41.749503,0,Bloomberg Desktop API
S&P 500 (SPY),2026-09-21,50,84,503,503,16.699801,0,Bloomberg Desktop API
S&P 500 (SPY),2026-09-22,10,426,503,503,84.691849,0,Bloomberg Desktop API
S&P 500 (SPY),2026-09-22,20,287,503,503,57.057654,0,Bloomberg Desktop API
S&P 500 (SPY),2026-09-22,30,210,503,503,41.749503,0,Bloomberg Desktop API
S&P 500 (SPY),2026-09-22,50,85,503,503,16.898608,0,Bloomberg Desktop API
S&P 500 (SPY),2026-09-23,10,426,503,503,84.691849,0,Bloomberg Desktop API
S&P 500 (SPY),2026-09-23,20,302,503,503,60.039761,0,Bloomberg Desktop API
S&P 500 (SPY),2026-09-23,30,216,503,503,42.942346,0,Bloomberg Desktop API
S&P 500 (SPY),2026-09-23,50,86,503,503,17.097416,0,Bloomberg Desktop API
S&P 500 (SPY),2026-09-24,10,427,503,503,84.890656,0,Bloomberg Desktop API
S&P 500 (SPY),2026-09-24,20,303,503,503,60.238569,0,Bloomberg Desktop API
S&P 500 (SPY),2026-09-24,30,224,503,503,44.532803,0,Bloomberg Desktop API
S&P 500 (SPY),2026-09-24,50,88,503,503,17.49503,0,Bloomberg Desktop API
S&P 500 (SPY),2026-09-25,10,425,503,503,84.493042,0,Bloomberg Desktop API
S&P 500 (SPY),2026-09-25,20,294,503,503,58.449304,0,Bloomberg Desktop API
S&P 500 (SPY),2026-09-25,30,218,503,503,43.33996,0,Bloomberg Desktop API
S&P 500 (SPY),2026-09-25,50,88,503,503,17.49503,0,Bloomberg Desktop API
S&P 500 (SPY),2026-09-28,10,428,503,503,85.089463,0,Bloomberg Desktop API
S&P 500 (SPY),2026-09-28,20,300,503,503,59.642147,0,Bloomberg Desktop API
S&P 500 (SPY),2026-09-28,30,218,503,503,43.33996,0,Bloomberg Desktop API
S&P 500 (SPY),2026-09-28,50,91,503,503,18.091451,0,Bloomberg Desktop API
S&P 500 (SPY),2026-09-29,10,432,503,503,85.884692,0,Bloomberg Desktop API
S&P 500 (SPY),2026-09-29,20,302,503,503,60.039761,0,Bloomberg Desktop API
S&P 500 (SPY),2026-09-29,30,219,503,503,43.538767,0,Bloomberg Desktop API
S&P 500 (SPY),2026-09-29,50,92,503,503,18.290258,0,Bloomberg Desktop API
Russell 2000,2026-09-08,10,1751,1975,1976,88.658228,0,Bloomberg Desktop API
Russell 2000,2026-09-08,20,1547,1975,1976,78.329114,0,Bloomberg Desktop API
Russell 2000,2026-09-08,30,1352,1975,1976,68.455696,0,Bloomberg Desktop API
Russell 2000,2026-09-08,50,1060,1975,1976,53.670886,0,Bloomberg Desktop API
Russell 2000,2026-09-09,10,1765,1975,1976,89.367089,0,Bloomberg Desktop API
Russell 2000,2026-09-09,20,1569,1975,1976,79.443038,0,Bloomberg Desktop API
Russell 2000,2026-09-09,30,1368,1975,1976,69.265823,0,Bloomberg Desktop API
Russell 2000,2026-09-09,50,1070,1975,1976,54.177215,0,Bloomberg Desktop API
Russell 2000,2026-09-10,10,1771,1975,1976,89.670886,0,Bloomberg Desktop API
Russell 2000,2026-09-10,20,1585,1975,1976,80.253165,0,Bloomberg Desktop API
Russell 2000,2026-09-10,30,1376,1975,1976,69.670886,0,Bloomberg Desktop API
Russell 2000,2026-09-10,50,1082,1975,1976,54.78481,0,Bloomberg Desktop API
Russell 2000,2026-09-11,10,1769,1975,1976,89.56962,0,Bloomberg Desktop API
Russell 2000,2026-09-11,20,1572,1975,1976,79.594937,0,Bloomberg Desktop API
Russell 2000,2026-09-11,30,1372,1975,1976,69.468354,0,Bloomberg Desktop API
Russell 2000,2026-09-11,50,1082,1975,1976,54.78481,0,Bloomberg Desktop API
Russell 2000,2026-09-14,10,1772,1975,1976,89.721519,0,Bloomberg Desktop API
Russell 2000,2026-09-14,20,1578,1975,1976,79.898734,0,Bloomberg Desktop API
Russell 2000,2026-09-14,30,1379,1975,1976,69.822785,0,Bloomberg Desktop API
Russell 2000,2026-09-14,50,1080,1975,1976,54.683544,0,Bloomberg Desktop API
Russell 2000,2026-09-15,10,1777,1975,1976,89.974684,0,Bloomberg Desktop API
Russell 2000,2026-09-15,20,1591,1975,1976,80.556962,0,Bloomberg Desktop API
Russell 2000,2026-09-15,30,1392,1975,1976,70.481013,0,Bloomberg Desktop API
Russell 2000,2026-09-15,50,1085,1975,1976,54.936709,0,Bloomberg Desktop API
Russell 2000,2026-09-16,10,1784,1975,1976,90.329114,0,Bloomberg Desktop API
Russell 2000,2026-09-16,20,1587,1975,1976,80.35443,0,Bloomberg Desktop API
Russell 2000,2026-09-16,30,1395,1975,1976,70.632911,0,Bloomberg Desktop API
Russell 2000,2026-09-16,50,1087,1975,1976,55.037975,0,Bloomberg Desktop API
Russell 2000,2026-09-17,10,1783,1975,1976,90.278481,0,Bloomberg Desktop API
Russell 2000,2026-09-17,20,1586,1975,1976,80.303797,0,Bloomberg Desktop API
Russell 2000,2026-09-17,30,1397,1975,1976,70.734177,0,Bloomberg Desktop API
Russell 2000,2026-09-17,50,1085,1975,1976,54.936709,0,Bloomberg Desktop API
Russell 2000,2026-09-18,10,1785,1975,1976,90.379747,0,Bloomberg Desktop API
Russell 2000,2026-09-18,20,1593,1975,1976,80.658228,0,Bloomberg Desktop API
Russell 2000,2026-09-18,30,1406,1975,1976,71.189873,0,Bloomberg Desktop API
Russell 2000,2026-09-18,50,1089,1975,1976,55.139241,0,Bloomberg Desktop API
Russell 2000,2026-09-21,10,1784,1975,1976,90.329114,0,Bloomberg Desktop API
Russell 2000,2026-09-21,20,1592,1975,1976,80.607595,0,Bloomberg Desktop API
Russell 2000,2026-09-21,30,1406,1975,1976,71.189873,0,Bloomberg Desktop API
Russell 2000,2026-09-21,50,1083,1975,1976,54.835443,0,Bloomberg Desktop API
Russell 2000,2026-09-22,10,1791,1975,1976,90.683544,0,Bloomberg Desktop API
Russell 2000,2026-09-22,20,1584,1975,1976,80.202532,0,Bloomberg Desktop API
Russell 2000,2026-09-22,30,1398,1975,1976,70.78481,0,Bloomberg Desktop API
Russell 2000,2026-09-22,50,1070,1975,1976,54.177215,0,Bloomberg Desktop API
Russell 2000,2026-09-23,10,1806,1975,1976,91.443038,1,Bloomberg Desktop API
Russell 2000,2026-09-23,20,1613,1975,1976,81.670886,1,Bloomberg Desktop API
Russell 2000,2026-09-23,30,1424,1975,1976,72.101266,1,Bloomberg Desktop API
Russell 2000,2026-09-23,50,1083,1975,1976,54.835443,1,Bloomberg Desktop API
Russell 2000,2026-09-24,10,1803,1975,1976,91.291139,0,Bloomberg Desktop API
Russell 2000,2026-09-24,20,1613,1975,1976,81.670886,0,Bloomberg Desktop API
Russell 2000,2026-09-24,30,1431,1975,1976,72.455696,0,Bloomberg Desktop API
Russell 2000,2026-09-24,50,1093,1975,1976,55.341772,0,Bloomberg Desktop API
Russell 2000,2026-09-25,10,1802,1975,1976,91.240506,0,Bloomberg Desktop API
Russell 2000,2026-09-25,20,1610,1975,1976,81.518987,0,Bloomberg Desktop API
Russell 2000,2026-09-25,30,1428,1975,1976,72.303797,0,Bloomberg Desktop API
Russell 2000,2026-09-25,50,1084,1975,1976,54.886076,0,Bloomberg Desktop API
Russell 2000,2026-09-28,10,1808,1975,1976,91.544304,0,Bloomberg Desktop API
Russell 2000,2026-09-28,20,1619,1975,1976,81.974684,0,Bloomberg Desktop API
Russell 2000,2026-09-28,30,1428,1975,1976,72.303797,0,Bloomberg Desktop API
Russell 2000,2026-09-28,50,1093,1975,1976,55.341772,0,Bloomberg Desktop API
Russell 2000,2026-09-29,10,1819,1975,1976,92.101266,1,Bloomberg Desktop API
Russell 2000,2026-09-29,20,1629,1975,1976,82.481013,1,Bloomberg Desktop API
Russell 2000,2026-09-29,30,1441,1975,1976,72.962025,1,Bloomberg Desktop API
Russell 2000,2026-09-29,50,1092,1975,1976,55.291139,1,Bloomberg Desktop API
